{
  "model_name": "XGBoost",
  "accuracy": 0.8655,
  "roc_auc": 0.8700564166631041,
  "churn_rate": 0.2037,
  "customer_id_col": "CustomerId",
  "target_col": "Exited",
  "numerical_cols": [
    "RowNumber",
    "CreditScore",
    "Age",
    "Tenure",
    "Balance",
    "NumOfProducts",
    "HasCrCard",
    "IsActiveMember",
    "EstimatedSalary"
  ],
  "categorical_cols": [
    "Surname",
    "Geography",
    "Gender"
  ],
  "feature_cols": [
    "Surname",
    "Geography",
    "Gender",
    "RowNumber",
    "CreditScore",
    "Age",
    "Tenure",
    "Balance",
    "NumOfProducts",
    "HasCrCard",
    "IsActiveMember",
    "EstimatedSalary"
  ],
  "feature_importance": {
    "NumOfProducts": 0.2445569932460785,
    "IsActiveMember": 0.23898249864578247,
    "Age": 0.17704901099205017,
    "Geography": 0.07458027452230453,
    "Gender": 0.05361108109354973,
    "Balance": 0.04902861639857292,
    "HasCrCard": 0.02929086610674858,
    "RowNumber": 0.028630590066313744,
    "Tenure": 0.028560714796185493,
    "EstimatedSalary": 0.02648288756608963,
    "CreditScore": 0.02635972574353218,
    "Surname": 0.022866757586598396
  },
  "training_date": "2026-02-17"
}